<?xml version="1.0" encoding="UTF-8"?>
<project-private xmlns="http://www.netbeans.org/ns/project-private/1">
    <editor-bookmarks xmlns="http://www.netbeans.org/ns/editor-bookmarks/2" lastBookmarkId="0"/>
    <open-files xmlns="http://www.netbeans.org/ns/projectui-open-files/2">
        <group>
            <file>file:/C:/Users/Uthimna/OneDrive/Documents/NetBeansProjects/SmartAppointmentScheduler/src/UNITTESTING/testsimplefactory.java</file>
            <file>file:/C:/Users/Uthimna/OneDrive/Documents/NetBeansProjects/SmartAppointmentScheduler/src/MacFactory/java.java</file>
            <file>file:/C:/Users/Uthimna/OneDrive/Documents/NetBeansProjects/SmartAppointmentScheduler/src/UNITTESTING/testfactorymethod.java</file>
            <file>file:/C:/Users/Uthimna/OneDrive/Documents/NetBeansProjects/SmartAppointmentScheduler/src/UNITTESTING/testSingleton.java</file>
            <file>file:/C:/Users/Uthimna/OneDrive/Documents/NetBeansProjects/SmartAppointmentScheduler/src/smartappointmentscheduler/README</file>
            <file>file:/C:/Users/Uthimna/OneDrive/Documents/NetBeansProjects/SmartAppointmentScheduler/src/MODEL/APPOINTMENT.java</file>
            <file>file:/C:/Users/Uthimna/OneDrive/Documents/NetBeansProjects/SmartAppointmentScheduler/src/PATTERNS/Button.java</file>
            <file>file:/C:/Users/Uthimna/OneDrive/Documents/NetBeansProjects/SmartAppointmentScheduler/src/PATTERNS/SmsSender.java</file>
            <file>file:/C:/Users/Uthimna/OneDrive/Documents/NetBeansProjects/SmartAppointmentScheduler/src/MODEL/USER.java</file>
            <file>file:/C:/Users/Uthimna/OneDrive/Documents/NetBeansProjects/SmartAppointmentScheduler/src/smartappointmentscheduler/SmartAppointmentScheduler.java</file>
            <file>file:/C:/Users/Uthimna/OneDrive/Documents/NetBeansProjects/SmartAppointmentScheduler/src/MODEL/DOCTOR.java</file>
            <file>file:/C:/Users/Uthimna/OneDrive/Documents/NetBeansProjects/SmartAppointmentScheduler/src/PATTERNS/NotificationSender.java</file>
            <file>file:/C:/Users/Uthimna/OneDrive/Documents/NetBeansProjects/SmartAppointmentScheduler/src/PATTERNS/EmailSender.java</file>
            <file>file:/C:/Users/Uthimna/OneDrive/Documents/NetBeansProjects/SmartAppointmentScheduler/src/PATTERNS/AppointmentFactory.java</file>
            <file>file:/C:/Users/Uthimna/OneDrive/Documents/NetBeansProjects/SmartAppointmentScheduler/src/UNITTESTING/testbuilder.java</file>
            <file>file:/C:/Users/Uthimna/OneDrive/Documents/NetBeansProjects/SmartAppointmentScheduler/src/MacButton/java.java</file>
            <file>file:/C:/Users/Uthimna/OneDrive/Documents/NetBeansProjects/SmartAppointmentScheduler/src/UNITTESTING/testprototype.java</file>
            <file>file:/C:/Users/Uthimna/OneDrive/Documents/NetBeansProjects/SmartAppointmentScheduler/src/PATTERNS/Scheduler.java</file>
            <file>file:/C:/Users/Uthimna/OneDrive/Documents/NetBeansProjects/SmartAppointmentScheduler/src/PATTERNS/AppointmentBuilder.java</file>
            <file>file:/C:/Users/Uthimna/OneDrive/Documents/NetBeansProjects/SmartAppointmentScheduler/src/PATTERNS/SenderFactory.java</file>
            <file>file:/C:/Users/Uthimna/OneDrive/Documents/NetBeansProjects/SmartAppointmentScheduler/src/WindowsButton/java.java</file>
            <file>file:/C:/Users/Uthimna/OneDrive/Documents/NetBeansProjects/SmartAppointmentScheduler/src/WindowsFactory/java.java</file>
            <file>file:/C:/Users/Uthimna/OneDrive/Documents/NetBeansProjects/SmartAppointmentScheduler/src/UNITTESTING/testabstractfactory.java</file>
            <file>file:/C:/Users/Uthimna/OneDrive/Documents/NetBeansProjects/SmartAppointmentScheduler/src/PATTERNS/AppointmentPrototype.java</file>
            <file>file:/C:/Users/Uthimna/OneDrive/Documents/NetBeansProjects/SmartAppointmentScheduler/src/UIFactory/java.java</file>
        </group>
    </open-files>
</project-private>
